abs1\a1  gdfdd.jpg,1
abs1\a1 232 (1).jpg,1
abs1\a1 232 (2).jpg,1
abs1\a1 232 (3).jpg,1
abs1\a1 23s23s.jpg,1
abs1\a1 23s23ssz.jpg,1
abs1\a1 23s23sszvc.jpg,1
abs1\a1 5.jpg,1
abs1\a1 55.jpg,1
abs1\a1 asx.jpg,1
abs1\a1 sdsxs.jpg,1
abs1\a1 std.jpg,1
abs1\a1 stdds.jpg,1
abs1\a1 stddsbv.jpg,1
abs1\a1 stddsc.jpg,1
abs1\a1 stddschg.jpg,1
abs1\a1 stddscs.jpg,1
abs1\a1 stddsdas.jpg,1
abs1\a1 stddsdastee.jpg,1
abs1\a1 stddss.jpg,1
abs1\a1 stddssbccs.jpg,1
abs1\a1 stddssbccscx.jpg,1
abs1\a1 stddstt.jpg,1
abs1\a1 stdgd.jpg,1
abs1\a1.jpg,1
abs2\a2 2.jpg,2
abs2\a2 22.jpg,2
abs2\a2 2222.jpg,2
abs2\a2 22223sd.jpg,2
abs2\a2 2222s.jpg,2
abs2\a2 2222s2s.jpg,2
abs2\a2 2222s2sfdd.jpg,2
abs2\a2 2222s2sfddo.jpg,2
abs2\a2 222sa.jpg,2
abs2\a2 222sads.jpg,2
abs2\a2 222sadshfg.jpg,2
abs2\a2 222sds.jpg,2
abs2\a2 22s.jpg,2
abs2\a2 22s3.jpg,2
abs2\a2 22s3fd.jpg,2
abs2\a2 22s3fddsa2.jpg,2
abs2\a2 22s3fddsa2cxs.jpg,2
abs2\a2 22s3fddsa2sdx53.jpg,2
abs2\a2 22s3fddsa2sdxx.jpg,2
abs2\a2 22s3fddsa2zxz.jpg,2
abs2\a2 22s3fddsa2zxzdx.jpg,2
abs2\a2 22s3sdsbd.jpg,2
abs2\a2 22s3sdsbdcss.jpg,2
abs2\a2 22s3sdsbdds.jpg,2
abs2\a2 22s3sdsbdsdx.jpg,2
abs2\a2 22s3sdsbxsd.jpg,2
abs2\a2 22s3sdsx.jpg,2
abs2\a2 22s3sdsxsdx2.jpg,2
abs2\a2 22s3vc.jpg,2
abs2\a2 22sg.jpg,2
abs2\a2 22sgxsad.jpg,2
abs2\a2 22sgxsad23sd.jpg,2
abs2\a2 22sgxsadsdsx.jpg,2
abs2\a2 22ssa.jpg,2
abs2\a2 22ssa23s.jpg,2
abs2\a2 22ssa23sd.jpg,2
abs2\a2 22ssa23ssdsds.jpg,2
abs2\a2 22ssa23ssdsdsssx.jpg,2
abs2\a2 22ssadss.jpg,2
abs2\a2 22ssadsssd.jpg,2
abs2\a2 2b3s.jpg,2
abs2\a2 asd.jpg,2
abs2\a2 asd23.jpg,2
abs2\a2 asd3w.jpg,2
abs2\a2 kfbd.jpg,2
abs2\a2 kfbdfd.jpg,2
abs2\a2 lndds.jpg,2
abs2\a2 lndds2.jpg,2
abs2\a2 s 22x.jpg,2
abs2\a2 s 22x2d.jpg,2
abs2\a2 s.jpg,2
abs2\a2 sdcvf.jpg,2
abs2\a2 sdsac2 (1).jpg,2
abs2\a2 sdsac2 (2).jpg,2
abs2\a2 sdsac2 (3).jpg,2
abs2\a2 sdsac2 (4).jpg,2
abs2\a2 sdsd.jpg,2
abs2\a2 sdsdc.jpg,2
"abs2\a2 sdsv,f.jpg",2
abs2\a2 ss.jpg,2
abs2\a2 syt.jpg,2
abs2\a2.jpg,2
abs2\a2232.jpg,2
abs2\a2ssd.jpg,2
abs3\a3 2.jpg,3
abs3\a3 22.jpg,3
abs3\a3 22s.jpg,3
abs3\a3 22s22s.jpg,3
abs3\a3 22s22sd.jpg,3
abs3\a3 22sa.jpg,3
abs3\a3 22sds.jpg,3
abs3\a3 22sfd.jpg,3
abs3\a3 22sfd3s.jpg,3
